name,title,caption,phone,region,email
jazeb.jazi007@gmail.com,Test Title,Caption,1234,ATD,jazeb.jazi007@gmail.com
jazeb.jazi007@gmail.com,Test Title,Caption,1234,ATD,jazeb.jazi007@gmail.com
jazeb.jazi007@gmail.com,Test Title,Caption,1234,ATD,jazeb.jazi007@gmail.com
fdf,fsdfs,dfd,dsfsd,dfsfs,dfs
8gug,Spooky Occasion Who Will You Be?,8gug,8gug,8gug,8gug
fdf,fsdfs,dfd,dsfsd,dfsfs,hamzamushtaqtt@gmail.com
hamza,Spooky Occasion Who Will You Be?,hamza,hamza,hamza,hamza
trt,Spooky Occasion Who Will You Be?,trt,trt,trt,trt
gh,Spooky Occasion Who Will You Be?,gh,gh,gh,gh
dff,Spooky Occasion Who Will You Be?,fd,4543543,34,hamzamushtaqtt@gmail.com
fgdfg,Spooky Occasion Who Will You Be?,hamza,4454,3r,hamzamushtaqtt@gmail.com
dfsdf,Spooky Occasion Who Will You Be?,sdfsd,3434,dfs,fsf
hg,Spooky Occasion Who Will You Be?,hgh,54,KSA,fgfd
jazeb.jazi007@gmail.com,Test Title,Caption,1234,ATD,jazeb.jazi007@gmail.com
wew,Spooky Occasion Who Will You Be?,ww,343,KSA,pearlquestdxb@gmail.com
adad,Spooky Occasion Who Will You Be?,adads,1313,KSA,adadf
ada,Spooky Occasion Who Will You Be?,arad,113,KSA,1313
kamran,Spooky Occasion Who Will You Be?,nkandka,0131313,KSA,malik@gmail.com
d,Spooky Occasion Who Will You Be?,d,d,KSA,d
haza,Spooky Occasion Who Will You Be?,hamza,477482,KSA,hamzamushtaqtt@gmail.com
bxbx,Spooky Occasion Who Will You Be?,bj,6377,KSA,ghhb@hd.
hamza,Spooky Occasion Who Will You Be?,hamza,37585928,KSA,hamzamushtaqtt@gmail.com
hjb,Spooky Occasion Who Will You Be?,bbv,7888,KSA,badal@pearlquest.ae
hamza,Spooky Occasion Who Will You Be?,hello,475859,KSA,hamzadraz11@gmail.com
hdjb,Spooky Occasion Who Will You Be?,hdhb,73738,KSA,badal.dixit@tuta.io
kamran,Spooky Occasion Who Will You Be?,adad,03119999919,KSA,test-mj0nq3lsf@srv1.mail-tester.com
dd,Spooky Occasion Who Will You Be?,ff,dd,KSA,haza
hdhxns,Spooky Occasion Who Will You Be?,hanza,shxhh,UAE,hamzamushtaqtt@gmail.com
z,Spooky Occasion Who Will You Be?,a,0,KSA,zoyashahid21@gmail.com
mnae,Spooky Occasion Who Will You Be?,hello,03748573774,UAE,hamzamushtaqtt@gmail.com
jazeb.jazi007@gmail.com,Test Title,Caption,1234,ATD,jazeb.jazi007@gmail.com
jazeb.jazi007@gmail.com,Test Title,Caption,1234,ATD,jazeb.jazi007@gmail.com
dfd,Spooky Occasion Who Will You Be?,dfd,45,KSA,fdf
h,Spooky Occasion Who Will You Be?,h,h,KSA,h
eg,Spooky Occasion Who Will You Be?,ehsaan,000,KSA,ehsaan@pearlquest.ae
hsn,Spooky Occasion Who Will You Be?,ha,hanza,KSA,test
h,Spooky Occasion Who Will You Be?,h,b,UAE,h
TESTER,Spooky Occasion Who Will You Be?," SPOOKY OCCASION WHO WILL YOU BE?",090078601,KSA,hamzamushtaqtt@gmail.com
hhhh,Spooky Occasion Who Will You Be?,hh,63776676,KSA,badal.dixit@gmail.com
basil,Spooky Occasion Who Will You Be?,m m,0534377247,KSA,.lijoy_joseph@yahoo.com
